fname,lname,gender
ฐิติกานต์,ใจจุมปู,f
ศศินิภา,บำรุงภักดิ์,f
ฐิติกา,หลงนุชาติ,f
สุทิพย์,สังข์เงิน,f
วโรชา,กองพลพรหม,f
ทัดหทัย,เหมพิจิตร,f
วิภานี,บุญเพชรรัตน์,f
ณัฐลิตา,ช่วยรักษา,f
ไพเราะจิต,จัดณรงค์,f
มธุรดา,ปานกลิ่นกุลดิษย์,f
ภรรษนรร,เสนปัญญา,f
กิติยาธรณ์,สาระมนต์,f
ภัคเปมิกา,เอมโอษฐ,f
เดือนเต็มดวง,รัสมี,f
นาลินนี,ประกอบผล,f
ธิมล,หงษ์ยนต์,f
เพ็ญศิริ,ขาวทอง,f
พิชาการ,โพธิ์ศรี,f
พัสตราภรณ์,ศรีตาแสน,f
สุธินี,ไชยราช,f
วรเชษฐ์,มากบุญธรรม,m
จันที,ทองแท่นแก้ว,m
ยชญ์สุธา,จันทรวิจิตร,m
ขจรวิทย์,อมรจันทร์เพ็ญ,m
วรกิจ,ชุมภูทอง,m
ณัฐชัย,แสงเป่า,m
จิณวิชญ,ตองติดรัมย์,m
ศาสดา,พวงเพชรลาภ,m
ธาราทร,ถิ่นขาม,m
สาคร,ปันสวนปลูก,m
